Year,EWR
2004,0.2736136579
2005,0.3069489511
2006,0.3500199001
2007,0.3541038069
2008,0.3642152687