Year,SAN
2004,0.1738989035
2005,0.1848442324
2006,0.1896080709
2007,0.2043343335
2008,0.2014182885