Month,N3324L
1,0.05825242718
2,0.1111111111
3,0.04761904762
4,0.05517241379
5,0.006993006993
6,0.06923076923
7,0.1134751773
8,0.06106870229
9,0.06707317073
10,0.05
11,0.05172413793
12,0.1100917431